{
  "sync_baseline": [
    {
      "run": 1,
      "ttft_ms": 660.29,
      "decode_excl_tok0_ms": 26.77,
      "tok0_ms": 27.34,
      "avg_tbt_ms": 28.49,
      "prefill_ms": 111.51,
      "single_shot_swap_ms": 436.4,
      "gen_preview": "weight_swap: force ratio=0.90, swapped 25/28 layers in 436.4ms weight_swap stages: prefault=108.9ms mmap_permute=326.8ms arc_swap=0.0ms madvise=0.2ms synchronize=0.2ms soa_reconvert=0.0ms gen_bump=0.1",
      "forward_stats": {
        "n": 199,
        "mean": 26.770502512562814,
        "stdev": 0.6403161693342024,
        "median": 26.64,
        "p90": 27.401999999999997,
        "p99": 29.145800000000005,
        "min": 25.86,
        "max": 29.64
      },
      "tbt_stats": {
        "n": 199,
        "mean": 28.49105527638191,
        "stdev": 1.2996562839939831,
        "median": 28.1,
        "p90": 30.358,
        "p99": 33.2104,
        "min": 26.9,
        "max": 33.36
      },
      "inc_swap_latencies": []
    },
    {
      "run": 2,
      "ttft_ms": 480.36,
      "decode_excl_tok0_ms": 26.68,
      "tok0_ms": 27.85,
      "avg_tbt_ms": 30.21,
      "prefill_ms": 104.19,
      "single_shot_swap_ms": 275.0,
      "gen_preview": "weight_swap: force ratio=0.90, swapped 25/28 layers in 275.0ms weight_swap stages: prefault=2.6ms mmap_permute=270.7ms arc_swap=0.0ms madvise=0.1ms synchronize=1.6ms soa_reconvert=0.0ms gen_bump=0.0ms",
      "forward_stats": {
        "n": 199,
        "mean": 26.68326633165829,
        "stdev": 0.8187591525725522,
        "median": 26.7,
        "p90": 27.33,
        "p99": 30.292,
        "min": 25.67,
        "max": 30.7
      },
      "tbt_stats": {
        "n": 199,
        "mean": 30.208241206030152,
        "stdev": 2.3673047415796744,
        "median": 31.08,
        "p90": 32.942,
        "p99": 33.442,
        "min": 26.24,
        "max": 35.27
      },
      "inc_swap_latencies": []
    },
    {
      "run": 3,
      "ttft_ms": 516.34,
      "decode_excl_tok0_ms": 26.55,
      "tok0_ms": 27.67,
      "avg_tbt_ms": 30.37,
      "prefill_ms": 106.9,
      "single_shot_swap_ms": 308.3,
      "gen_preview": "weight_swap: force ratio=0.90, swapped 25/28 layers in 308.3ms weight_swap stages: prefault=6.8ms mmap_permute=300.1ms arc_swap=0.0ms madvise=0.0ms synchronize=1.4ms soa_reconvert=0.0ms gen_bump=0.0ms",
      "forward_stats": {
        "n": 199,
        "mean": 26.55180904522613,
        "stdev": 0.654897434886411,
        "median": 26.64,
        "p90": 27.201999999999998,
        "p99": 28.754400000000004,
        "min": 25.62,
        "max": 29.74
      },
      "tbt_stats": {
        "n": 199,
        "mean": 30.372713567839195,
        "stdev": 2.4455582646142506,
        "median": 31.36,
        "p90": 32.992000000000004,
        "p99": 33.81440000000001,
        "min": 26.31,
        "max": 35.89
      },
      "inc_swap_latencies": []
    }
  ],
  "liswap1_alone": [
    {
      "run": 1,
      "ttft_ms": 343.63,
      "decode_excl_tok0_ms": 28.15,
      "tok0_ms": 48.42,
      "avg_tbt_ms": 38.45,
      "prefill_ms": 222.3,
      "inc_swap_count": 25,
      "inc_swap_total_ms": 1108.6,
      "inc_swap_mean_ms": 44.344,
      "inc_swap_max_ms": 58.5,
      "inc_last_tick": 24,
      "gen_preview": "weight_swap: incremental mode \u2014 ratio=0.90, 25 target layers, per_tick=1 (25 ticks estimated) [Prefill] flash_attn dispatch: head_dim=128, DType=F16, BLOCK_M=32, subgroup=64 [WARMUP] tokens=1 ms=64.92",
      "forward_stats": {
        "n": 199,
        "mean": 28.24959798994975,
        "stdev": 4.288826549407778,
        "median": 26.91,
        "p90": 31.094000000000023,
        "p99": 46.126800000000024,
        "min": 26.21,
        "max": 48.5
      },
      "tbt_stats": {
        "n": 199,
        "mean": 38.449497487437185,
        "stdev": 17.602374201339533,
        "median": 32.28,
        "p90": 72.796,
        "p99": 94.52060000000002,
        "min": 28.7,
        "max": 96.41
      },
      "inc_swap_latencies": [
        17.8,
        17.4,
        27.3,
        25.3,
        27.3,
        24.3,
        27.2,
        45.8,
        40.6,
        52.2,
        42.3,
        54.2,
        51.6,
        58.1,
        51.6,
        58.2,
        51.8,
        54.2,
        54.6,
        54.0,
        58.2,
        58.5,
        56.2,
        55.5,
        44.4
      ]
    },
    {
      "run": 2,
      "ttft_ms": 342.88,
      "decode_excl_tok0_ms": 28.09,
      "tok0_ms": 48.52,
      "avg_tbt_ms": 36.93,
      "prefill_ms": 220.87,
      "inc_swap_count": 25,
      "inc_swap_total_ms": 793.1,
      "inc_swap_mean_ms": 31.724,
      "inc_swap_max_ms": 55.1,
      "inc_last_tick": 24,
      "gen_preview": "weight_swap: incremental mode \u2014 ratio=0.90, 25 target layers, per_tick=1 (25 ticks estimated) [Prefill] flash_attn dispatch: head_dim=128, DType=F16, BLOCK_M=32, subgroup=64 [WARMUP] tokens=1 ms=66.60",
      "forward_stats": {
        "n": 199,
        "mean": 28.19180904522613,
        "stdev": 4.303935331425124,
        "median": 26.85,
        "p90": 31.426000000000016,
        "p99": 46.03640000000002,
        "min": 25.98,
        "max": 48.52
      },
      "tbt_stats": {
        "n": 199,
        "mean": 36.9313567839196,
        "stdev": 13.233880939297311,
        "median": 32.3,
        "p90": 64.78200000000001,
        "p99": 81.7502,
        "min": 28.47,
        "max": 89.43
      },
      "inc_swap_latencies": [
        17.3,
        19.0,
        23.4,
        25.4,
        24.2,
        25.6,
        25.3,
        24.2,
        25.6,
        25.7,
        25.6,
        26.9,
        25.2,
        27.5,
        27.1,
        25.5,
        27.9,
        25.3,
        55.1,
        47.3,
        46.4,
        50.4,
        47.2,
        47.6,
        52.4
      ]
    },
    {
      "run": 3,
      "ttft_ms": 349.33,
      "decode_excl_tok0_ms": 29.38,
      "tok0_ms": 48.91,
      "avg_tbt_ms": 36.75,
      "prefill_ms": 223.51,
      "inc_swap_count": 25,
      "inc_swap_total_ms": 622.6,
      "inc_swap_mean_ms": 24.904,
      "inc_swap_max_ms": 26.4,
      "inc_last_tick": 24,
      "gen_preview": "weight_swap: incremental mode \u2014 ratio=0.90, 25 target layers, per_tick=1 (25 ticks estimated) [Prefill] flash_attn dispatch: head_dim=128, DType=F16, BLOCK_M=32, subgroup=64 [WARMUP] tokens=1 ms=69.20",
      "forward_stats": {
        "n": 199,
        "mean": 29.47884422110553,
        "stdev": 4.15403578510022,
        "median": 28.28,
        "p90": 32.238000000000014,
        "p99": 47.35460000000001,
        "min": 26.76,
        "max": 48.91
      },
      "tbt_stats": {
        "n": 199,
        "mean": 36.7478391959799,
        "stdev": 11.08104751339933,
        "median": 33.2,
        "p90": 59.800000000000004,
        "p99": 71.46800000000002,
        "min": 28.94,
        "max": 74.3
      },
      "inc_swap_latencies": [
        16.2,
        19.2,
        25.6,
        25.5,
        24.6,
        25.6,
        25.1,
        24.4,
        25.4,
        25.5,
        25.4,
        24.9,
        25.9,
        25.3,
        26.3,
        26.4,
        25.2,
        25.4,
        25.4,
        25.5,
        26.2,
        25.2,
        26.1,
        25.9,
        26.4
      ]
    }
  ],
  "liswap3_alone": [
    {
      "run": 1,
      "ttft_ms": 502.82,
      "decode_excl_tok0_ms": 26.54,
      "tok0_ms": 26.5,
      "avg_tbt_ms": 30.45,
      "prefill_ms": 105.18,
      "single_shot_swap_ms": 254.4,
      "liswap3_active": true,
      "gen_preview": "[LISWAP-3] host_ptr_pool active: slots=14, max_tensor_size=11534336 weight_swap: force ratio=0.90, swapped 25/28 layers in 254.4ms weight_swap stages: prefault=5.5ms mmap_permute=246.9ms arc_swap=0.0m",
      "forward_stats": {
        "n": 199,
        "mean": 26.537437185929647,
        "stdev": 0.6639930972199014,
        "median": 26.64,
        "p90": 27.204,
        "p99": 28.72580000000001,
        "min": 25.61,
        "max": 29.56
      },